instance_id,music_genre
48564,Hip-Hop
72394,Blues
88081,Rap
78331,Country
72636,Alternative
74228,Jazz
39106,Blues
78829,Country
91469,Country
54558,Country
44055,Classical
29671,Classical
56323,Country
54809,Blues
55369,Rap
68566,Rap
53565,Anime
69565,Rock
39014,Rap
28452,Electronic
40219,Blues
41832,Rap
50963,Alternative
58058,Country
41339,Country
25263,Alternative
30932,Rap
65113,Blues
43628,Blues
82352,Rap
25868,Blues
57582,Blues
64912,Rap
30690,Country
58160,Rap
48352,Electronic
32598,Rap
81733,Electronic
68478,Alternative
61070,Jazz
87062,Blues
50604,Rock
51443,Alternative
79739,Country
52375,Rap
43645,Country
51950,Blues
62180,Electronic
91491,Rap
57217,Anime
30912,Country
37289,Rap
58378,Rap
83848,Blues
88071,Anime
78696,Rock
73721,Electronic
21431,Classical
33066,Country
71571,Blues
54360,Country
61237,Anime
43763,Anime
53222,Rap
24144,Rap
35526,Blues
79272,Country
28682,Rap
78220,Classical
42113,Alternative
29197,Electronic
73749,Alternative
76959,Anime
32662,Rock
28240,Rock
78684,Rap
23339,Blues
66580,Blues
62293,Country
73224,Blues
63436,Classical
85265,Anime
49131,Blues
42894,Blues
32778,Blues
88626,Country
20474,Anime
57621,Alternative
68702,Alternative
68429,Rap
48412,Rock
31462,Rap
20258,Electronic
80048,Anime
36643,Rock
51269,Alternative
36620,Anime
47393,Anime
34229,Blues
27054,Blues
74946,Blues
79753,Classical
78997,Blues
90739,Hip-Hop
34604,Electronic
48875,Blues
72374,Anime
84383,Rock
82285,Anime
49168,Country
35219,Rap
72531,Blues
37626,Electronic
74540,Anime
22782,Blues
59663,Rap
65605,Alternative
63227,Electronic
27942,Blues
61120,Rap
59041,Rap
67531,Blues
89417,Blues
51652,Country
23769,Rap
88512,Rap
69103,Country
25734,Anime
35192,Country
77761,Country
58002,Rap
27331,Rap
90879,Rap
66951,Alternative
21111,Alternative
36583,Blues
69430,Alternative
26846,Rap
54227,Classical
79612,Rock
36250,Country
71243,Blues
41033,Classical
58600,Rap
64358,Electronic
55882,Blues
67981,Electronic
78157,Country
39280,Rock
65167,Anime
50033,Rap
34067,Rock
71541,Blues
58044,Blues
67611,Rap
88524,Alternative
50007,Blues
36733,Jazz
55966,Alternative
29854,Country
47533,Rap
84957,Alternative
27733,Blues
88890,Rock
71105,Rap
87402,Alternative
81300,Classical
25948,Electronic
30686,Anime
27597,Classical
46658,Electronic
33241,Blues
34855,Rap
39290,Rock
61297,Rap
79393,Rap
85447,Blues
24779,Classical
21888,Anime
22450,Rock
21637,Blues
76444,Alternative
34627,Anime
30361,Electronic
22862,Rap
55635,Electronic
39392,Alternative
21530,Blues
53803,Electronic
79904,Electronic
79589,Rock
38281,Electronic
26187,Blues
65289,Country
38631,Blues
34026,Alternative
81881,Blues
25877,Classical
79755,Country
67894,Blues
50248,Electronic
32074,Blues
41890,Anime
36233,Blues
63019,Electronic
31135,Electronic
91653,Classical
67493,Rap
45720,Country
78113,Electronic
66990,Rap
33226,Rap
43840,Alternative
66599,Electronic
37709,Classical
89646,Blues
41952,Blues
90953,Classical
26762,Electronic
62414,Alternative
54492,Alternative
22070,Rock
34735,Anime
37276,Blues
91709,Country
79337,Anime
32555,Blues
28310,Rap
60154,Rap
89947,Alternative
67061,Alternative
82280,Country
67551,Rap
49912,Electronic
44285,Country
62759,Blues
26763,Anime
88251,Alternative
21144,Rap
39166,Blues
58756,Electronic
74087,Rap
58075,Blues
49533,Rock
79989,Electronic
58425,Electronic
62607,Classical
85075,Classical
56756,Alternative
28898,Rap
42118,Blues
55409,Rap
31714,Anime
41361,Rap
30503,Rock
45222,Blues
68913,Country
74995,Rap
47775,Electronic
37384,Anime
49180,Anime
28678,Classical
42464,Country
79508,Alternative
62403,Electronic
40756,Rap
85665,Country
79277,Country
23449,Rap
82350,Blues
61130,Country
55562,Rap
78807,Rock
67592,Rock
58204,Country
42874,Rap
76341,Alternative
47432,Classical
22904,Jazz
42683,Anime
72925,Country
25202,Rap
23994,Anime
41096,Blues
53503,Rap
83671,Country
59711,Rap
61562,Alternative
67914,Blues
50650,Electronic
32141,Rap
50317,Anime
51665,Alternative
70042,Rock
27911,Blues
40311,Rap
49904,Rap
47588,Alternative
44657,Jazz
23053,Anime
42143,Country
77852,Classical
58240,Blues
67419,Blues
75524,Alternative
29774,Alternative
60161,Electronic
45935,Classical
50100,Rap
27735,Blues
22155,Jazz
28074,Jazz
70652,Country
73891,Classical
67578,Classical
48379,Country
53364,Rap
46115,Blues
80693,Blues
86176,Rock
69079,Country
29436,Country
55813,Anime
78708,Anime
81049,Rock
36822,Rap
22274,Electronic
41472,Blues
69744,Rock
85910,Rap
79522,Rap
86953,Rap
65953,Rap
70639,Anime
79193,Blues
35294,Blues
77931,Rock
63066,Rock
68106,Electronic
85652,Jazz
68770,Blues
75085,Rap
80369,Blues
79286,Alternative
63102,Blues
86706,Alternative
49496,Country
43631,Electronic
28056,Alternative
37736,Blues
60812,Blues
23204,Jazz
54161,Country
30121,Blues
66816,Rock
82621,Country
28760,Rap
85574,Rap
27085,Electronic
58429,Country
39227,Classical
75952,Hip-Hop
83656,Alternative
58626,Blues
76948,Rap
40834,Anime
66252,Rap
59319,Classical
62342,Classical
32156,Electronic
35817,Country
77770,Country
25530,Electronic
67138,Rap
74197,Electronic
28720,Classical
34223,Anime
59705,Country
26142,Country
46526,Hip-Hop
23005,Blues
59474,Classical
45707,Alternative
27027,Classical
57553,Country
90987,Rap
41262,Electronic
78385,Alternative
30750,Rap
65283,Blues
45981,Classical
65943,Rap
22917,Rap
81906,Anime
47576,Classical
83134,Alternative
77843,Country
30061,Blues
85448,Alternative
58815,Rock
39610,Classical
28228,Electronic
20724,Electronic
39201,Electronic
77056,Anime
52020,Alternative
22943,Rap
87928,Rap
91571,Jazz
35921,Alternative
86157,Jazz
61361,Classical
61824,Country
91068,Country
26519,Country
54567,Blues
84864,Rock
86854,Rap
28672,Classical
89590,Rap
40950,Classical
84346,Country
88444,Alternative
84165,Blues
54821,Rock
49692,Country
46715,Rap
52010,Electronic
82981,Electronic
25725,Rap
30019,Blues
35896,Alternative
79523,Electronic
86615,Country
22846,Rap
69121,Rap
87501,Classical
60441,Anime
59679,Anime
73116,Jazz
79128,Alternative
77924,Country
50103,Electronic
32687,Classical
36166,Anime
23042,Anime
86267,Classical
86002,Alternative
54217,Country
32061,Rock
90641,Classical
25215,Blues
76746,Rock
55403,Rap
53545,Classical
28508,Rock
34635,Classical
83181,Electronic
40431,Rap
53432,Rap
72380,Country
91547,Rock
21329,Anime
48834,Electronic
60260,Jazz
62596,Rap
88414,Classical
27670,Country
20184,Rap
74754,Alternative
51779,Jazz
44229,Blues
38429,Electronic
52175,Alternative
74508,Country
38226,Blues
88033,Rap
46508,Country
28366,Country
43879,Blues
76786,Country
79751,Alternative
68264,Electronic
35263,Electronic
27380,Jazz
43617,Alternative
66753,Anime
81392,Rock
87466,Blues
43503,Anime
64420,Alternative
79663,Blues
69705,Alternative
23454,Anime
89415,Blues
85299,Jazz
52464,Electronic
87262,Electronic
82220,Blues
53978,Rap
26077,Alternative
34361,Classical
79197,Rap
44679,Jazz
87060,Rock
69407,Electronic
24344,Rap
32903,Anime
81260,Rap
87783,Country
59070,Blues
84713,Rock
39540,Anime
87881,Electronic
62139,Country
34809,Jazz
25628,Electronic
45163,Alternative
30628,Anime
88973,Rap
79958,Rap
39602,Electronic
67145,Rap
31157,Rap
89361,Rock
38655,Rap
30081,Country
85900,Rap
73908,Rock
40349,Blues
54879,Country
67338,Rock
37894,Alternative
83715,Blues
27123,Electronic
91289,Classical
53547,Anime
78358,Alternative
73070,Anime
85231,Electronic
57054,Rap
26421,Rap
84532,Rap
65393,Rock
27409,Electronic
54312,Anime
74195,Anime
48112,Blues
48227,Alternative
67568,Anime
38819,Rap
29974,Blues
75851,Alternative
38200,Blues
34119,Alternative
47538,Classical
50199,Hip-Hop
27378,Country
54292,Electronic
25808,Rap
64587,Jazz
75010,Electronic
87791,Hip-Hop
85250,Rap
62104,Electronic
57713,Rock
79767,Blues
57625,Blues
21071,Electronic
54208,Electronic
22607,Classical
28279,Rap
33901,Rap
35304,Alternative
73033,Blues
43728,Country
38952,Anime
35753,Rap
87301,Blues
68674,Anime
89545,Jazz
84037,Blues
40629,Alternative
66762,Rap
38489,Rock
50798,Rap
59440,Blues
65178,Blues
89685,Jazz
75272,Electronic
86956,Rap
54030,Country
82915,Rap
52094,Country
51792,Rap
28284,Rap
20113,Country
87653,Alternative
35743,Alternative
26678,Anime
73596,Blues
51560,Alternative
56709,Rap
24928,Electronic
53403,Blues
22619,Alternative
53744,Classical
54616,Alternative
61554,Alternative
69985,Rock
77452,Blues
23419,Country
33908,Anime
28964,Country
76506,Electronic
33456,Blues
24191,Rap
71957,Rap
60030,Country
67030,Rock
48507,Alternative
70915,Electronic
46551,Alternative
89424,Blues
44108,Alternative
75115,Rap
22398,Country
80442,Alternative
28649,Rap
44755,Rap
40871,Jazz
81727,Blues
90895,Anime
80298,Rock
36834,Country
64081,Rap
42371,Alternative
30453,Alternative
36618,Hip-Hop
61161,Anime
69958,Rap
77541,Blues
39478,Rap
53182,Country
91376,Country
74527,Classical
37367,Alternative
85484,Anime
78633,Blues
48596,Alternative
74826,Rap
80998,Jazz
53417,Electronic
57049,Rap
33615,Electronic
80751,Blues
61234,Blues
62521,Blues
23508,Alternative
87143,Alternative
77220,Alternative
78207,Rap
39623,Country
39015,Electronic
67572,Blues
82669,Rock
46911,Rap
76013,Classical
80753,Rap
48074,Blues
64825,Anime
63874,Blues
57271,Anime
51202,Electronic
67118,Rap
83814,Blues
39573,Alternative
84886,Electronic
86847,Electronic
82518,Electronic
42067,Alternative
48139,Blues
56337,Alternative
88537,Blues
59730,Alternative
32174,Rap
73134,Alternative
44579,Alternative
31042,Electronic
73932,Alternative
88390,Electronic
83099,Rock
84090,Country
78602,Jazz
49931,Electronic
35740,Country
54430,Alternative
36997,Electronic
46176,Alternative
59673,Country
79201,Rock
83689,Rap
84282,Rap
77132,Country
66739,Anime
88734,Electronic
83245,Blues
25710,Alternative
39970,Blues
76018,Country
44135,Rap
70179,Rap
83697,Electronic
36561,Blues
84578,Blues
70828,Country
83492,Rap
27262,Rock
51203,Electronic
58158,Electronic
61086,Electronic
67100,Anime
25075,Electronic
88257,Country
51359,Alternative
39806,Rap
83290,Classical
71123,Classical
75263,Rap
21285,Alternative
39144,Electronic
81556,Classical
75841,Blues
72512,Country
70076,Country
20475,Blues
60876,Anime
66334,Jazz
46536,Rap
21821,Rap
66861,Country
59942,Rock
61748,Electronic
30388,Rap
38184,Country
47767,Alternative
33039,Rock
85876,Anime
49775,Electronic
33221,Alternative
20810,Country
36524,Rock
79824,Blues
28907,Hip-Hop
36410,Jazz
85580,Blues
62021,Blues
35234,Jazz
41738,Anime
30543,Blues
32989,Blues
28163,Country
33828,Blues
67600,Alternative
61671,Blues
44146,Rap
63726,Alternative
84088,Anime
28335,Blues
88531,Country
22198,Alternative
38212,Anime
66928,Blues
85196,Rock
27991,Electronic
90666,Classical
31945,Anime
86909,Blues
69376,Rap
63721,Anime
47711,Rap
26007,Blues
50041,Rap
23664,Anime
84668,Classical
59235,Blues
82927,Country
56602,Anime
51534,Country
29908,Country
62571,Classical
38427,Rap
49885,Rap
68035,Country
47258,Electronic
32688,Rap
69783,Jazz
58518,Country
25785,Anime
40674,Anime
74474,Rap
60437,Rock
23622,Electronic
45052,Blues
70889,Blues
75764,Jazz
46132,Anime
44894,Rap
67077,Blues
26779,Alternative
90219,Classical
91167,Rock
54884,Blues
64678,Country
72419,Classical
83764,Classical
28186,Jazz
44624,Country
60777,Rap
43148,Country
52203,Rap
46274,Alternative
80212,Blues
27001,Rap
34554,Classical
89072,Blues
44487,Country
82282,Alternative
54254,Country
82299,Country
84743,Classical
54079,Alternative
60209,Electronic
33289,Rap
85846,Rap
37991,Classical
72003,Electronic
62836,Alternative
25381,Blues
61659,Electronic
71642,Country
80286,Classical
30541,Rap
31155,Rock
46418,Electronic
82955,Rock
70585,Anime
88180,Blues
62783,Anime
50771,Electronic
21105,Country
84877,Rap
78148,Rap
67139,Electronic
56479,Classical
90177,Anime
63384,Rock
23928,Hip-Hop
60749,Blues
68536,Country
79598,Anime
25252,Alternative
60822,Anime
77505,Alternative
22240,Rap
49113,Alternative
41580,Blues
61907,Alternative
32568,Country
39605,Classical
64719,Rock
23473,Blues
20307,Rap
56738,Electronic
35991,Rock
73523,Rap
37642,Rap
81112,Jazz
32712,Rap
54062,Anime
73419,Jazz
22248,Classical
55308,Electronic
45343,Blues
29305,Blues
73902,Alternative
51267,Country
25157,Classical
36521,Electronic
67241,Country
37570,Classical
22494,Blues
86486,Anime
39626,Alternative
90012,Jazz
82025,Rap
63481,Classical
42187,Blues
47892,Rap
83995,Blues
68152,Rap
47899,Country
54923,Electronic
27286,Country
43508,Anime
43609,Rock
37814,Electronic
82006,Rock
37701,Country
53248,Electronic
88692,Blues
50223,Country
50528,Classical
39604,Alternative
63225,Anime
89175,Anime
46776,Blues
44480,Blues
47890,Alternative
59958,Electronic
71497,Rap
81884,Jazz
25192,Classical
47627,Alternative
39869,Electronic
27854,Alternative
87753,Country
72961,Alternative
44528,Rap
40270,Electronic
75334,Rock
82276,Alternative
52182,Jazz
53685,Rap
88872,Hip-Hop
57298,Country
70416,Country
63095,Alternative
37324,Rap
65017,Country
36441,Electronic
75545,Rap
26520,Electronic
30517,Blues
90819,Country
56008,Blues
46832,Rock
57028,Blues
27156,Anime
62455,Blues
55149,Anime
22170,Electronic
68329,Electronic
22554,Alternative
74505,Anime
46114,Alternative
81510,Rap
43169,Alternative
69755,Electronic
24200,Country
33600,Classical
55719,Jazz
64201,Blues
24202,Electronic
33488,Alternative
46652,Electronic
32250,Anime
27917,Blues
73828,Jazz
34363,Blues
46939,Rock
78931,Country
23749,Electronic
53574,Rock
55328,Alternative
87246,Alternative
31058,Anime
80721,Electronic
42908,Rock
25612,Rap
22781,Jazz
34175,Country
26434,Rock
90160,Rap
65631,Alternative
85393,Electronic
52736,Anime
87139,Alternative
40831,Alternative
28938,Blues
86484,Anime
71536,Blues
87650,Electronic
74169,Country
87417,Electronic
58181,Blues
75896,Country
83022,Rap
34209,Country
74159,Hip-Hop
33612,Blues
68424,Anime
75224,Alternative
49084,Rap
45005,Alternative
26427,Classical
39702,Jazz
45739,Country
38698,Anime
36109,Blues
84104,Rap
74096,Country
33130,Alternative
57815,Country
79081,Jazz
43010,Blues
74107,Hip-Hop
33331,Country
86104,Electronic
20012,Alternative
87531,Electronic
52242,Classical
45150,Country
34334,Electronic
51250,Alternative
51276,Alternative
70498,Country
88987,Alternative
66713,Country
69517,Electronic
84021,Jazz
49799,Rap
22006,Classical
87612,Rap
63177,Blues
26673,Country
31830,Electronic
61556,Blues
42500,Electronic
59584,Electronic
22334,Blues
47182,Rap
85252,Rap
32028,Classical
69980,Electronic
39937,Rap
74062,Electronic
70923,Alternative
73539,Rock
67129,Anime
60571,Rap
46242,Electronic
91648,Alternative
28401,Anime
62330,Blues
60498,Electronic
85106,Country
25234,Country
68305,Alternative
90043,Rock
86790,Rap
90184,Rap
80511,Alternative
79134,Alternative
41645,Anime
58428,Rap
63966,Jazz
86312,Blues
91144,Rap
60788,Jazz
88837,Country
28081,Blues
77370,Electronic
68731,Anime
25926,Electronic
42355,Rap
56055,Alternative
73476,Anime
20833,Country
89357,Alternative
89341,Rap
70183,Hip-Hop
36052,Rock
61683,Rock
78218,Blues
77796,Alternative
83620,Anime
34352,Hip-Hop
23649,Anime
28960,Alternative
50688,Anime
39564,Rap
78713,Electronic
52610,Country
75891,Electronic
85932,Rock
23968,Rock
59522,Anime
70467,Jazz
85663,Anime
88921,Jazz
36991,Alternative
78594,Blues
31794,Country
48500,Electronic
61995,Country
83252,Rap
88471,Alternative
53035,Rap
24075,Country
59115,Blues
39593,Anime
69884,Alternative
57179,Rap
24444,Anime
44582,Country
31641,Anime
20089,Alternative
73942,Jazz
48014,Anime
78231,Rap
27833,Jazz
52213,Classical
77273,Blues
27315,Electronic
87220,Alternative
45858,Jazz
36062,Blues
90700,Electronic
42993,Blues
70517,Blues
51375,Rap
49585,Blues
25399,Rap
86456,Rock
60340,Anime
23077,Alternative
91043,Alternative
26761,Classical
35454,Blues
45214,Electronic
44686,Rock
21559,Blues
88556,Classical
31223,Alternative
82000,Alternative
45271,Electronic
37980,Anime
42445,Country
39078,Blues
77133,Electronic
55873,Rap
37061,Country
69588,Jazz
51445,Alternative
84941,Alternative
76352,Hip-Hop
65009,Rap
84111,Rap
32725,Blues
27138,Country
59133,Country
60238,Alternative
27294,Blues
36686,Classical
27011,Electronic
77838,Rock
82126,Blues
82655,Rap
50749,Alternative
70428,Rap
34710,Jazz
76120,Blues
68679,Electronic
51605,Electronic
46410,Blues
43547,Anime
80709,Country
69711,Anime
43177,Rap
55488,Blues
71185,Alternative
44391,Country
48201,Country
55364,Rap
83340,Electronic
32746,Anime
27811,Country
43746,Rock
53594,Rap
57945,Rap
45598,Blues
24678,Jazz
75863,Rap
90662,Electronic
20293,Blues
58664,Anime
91562,Electronic
35993,Rap
52846,Blues
67585,Classical
53600,Electronic
84770,Jazz
65387,Anime
54970,Alternative
75651,Electronic
52541,Blues
70020,Alternative
71932,Rap
68393,Country
42738,Rap
63970,Rap
84582,Electronic
53269,Alternative
40371,Country
26213,Classical
51394,Blues
39889,Blues
58811,Blues
56696,Rap
67817,Alternative
44562,Alternative
61463,Electronic
62339,Country
66487,Hip-Hop
64087,Rock
22515,Anime
61909,Rap
90415,Jazz
60814,Rap
22877,Alternative
26870,Rap
48662,Rap
60357,Classical
63050,Rap
61232,Electronic
51782,Anime
63890,Alternative
36296,Blues
67990,Blues
68906,Rap
69455,Alternative
67875,Electronic
71487,Country
33186,Electronic
54323,Alternative
42456,Rap
69741,Blues
41914,Blues
35208,Country
69878,Alternative
65984,Rap
80482,Classical
21353,Anime
83945,Hip-Hop
36879,Country
63741,Rap
74739,Alternative
30089,Anime
21957,Anime
34489,Classical
79898,Anime
79232,Electronic
66939,Electronic
66425,Blues
90367,Rap
72693,Classical
23392,Country
32818,Rap
62881,Rap
58433,Country
51099,Country
31412,Country
68549,Rap
68580,Blues
56471,Hip-Hop
66734,Rap
49265,Electronic
22571,Country
75548,Rap
53582,Country
67535,Electronic
43440,Alternative
63993,Classical
70005,Rap
32953,Rock
40379,Electronic
28507,Rap
29736,Electronic
45621,Country
84202,Country
69826,Electronic
90566,Anime
79392,Anime
77764,Alternative
52823,Jazz
89185,Electronic
26602,Blues
34441,Country
59375,Country
56834,Electronic
21941,Jazz
38478,Electronic
30684,Country
56890,Classical
28622,Anime
59231,Blues
68965,Jazz
86519,Alternative
82322,Alternative
37539,Classical
21337,Rap
64384,Classical
44600,Rock
78544,Alternative
90563,Rap
74481,Rap
54518,Blues
81496,Jazz
43788,Blues
82140,Alternative
50866,Country
87697,Jazz
81322,Blues
71606,Blues
74187,Rap
46749,Blues
61172,Rock
67379,Jazz
43708,Rap
31697,Classical
48753,Alternative
86247,Rap
39321,Anime
81303,Alternative
31700,Blues
39283,Blues
86223,Electronic
36986,Blues
69730,Alternative
31511,Blues
21320,Electronic
24362,Rap
81325,Rock
54702,Blues
25164,Jazz
29295,Jazz
28821,Blues
23465,Alternative
28266,Blues
63607,Alternative
43957,Country
45417,Anime
24786,Country
29231,Jazz
28399,Rap
51688,Alternative
63677,Country
60857,Alternative
46581,Jazz
90000,Rap
90721,Classical
42199,Anime
47069,Rap
37286,Classical
48423,Alternative
69748,Classical
64209,Blues
78921,Country
53020,Rap
20954,Electronic
51820,Classical
64456,Blues
73654,Anime
37470,Rap
36747,Jazz
59316,Rap
57868,Country
26108,Anime
90610,Alternative
37401,Alternative
42836,Anime
60187,Rock
76962,Alternative
21987,Country
25590,Classical
54053,Electronic
91202,Alternative
21776,Anime
52271,Country
80021,Rap
39210,Country
49684,Rap
72272,Blues
46932,Classical
63821,Rap
67295,Rap
38117,Country
65658,Jazz
77890,Alternative
46643,Anime
50459,Jazz
27444,Anime
30281,Electronic
68231,Country
41288,Alternative
41813,Alternative
27726,Electronic
75946,Rap
37037,Rap
54477,Rap
50421,Electronic
59966,Rap
60539,Country
39569,Hip-Hop
74179,Electronic
64859,Blues
37359,Blues
83532,Country
67472,Hip-Hop
20971,Blues
35602,Rap
35064,Electronic
67376,Alternative
28369,Electronic
91357,Rock
89310,Classical
42726,Anime
44658,Jazz
62922,Country
90371,Anime
67102,Hip-Hop
69093,Rap
81680,Rock
59531,Electronic
89899,Electronic
71280,Jazz
62992,Rap
91365,Anime
72376,Classical
72735,Blues
44626,Rap
65158,Electronic
54058,Hip-Hop
52768,Rap
75154,Electronic
43079,Blues
54014,Rap
33317,Country
90612,Rap
39582,Anime
80146,Electronic
47524,Alternative
47873,Alternative
89300,Rap
89750,Alternative
52408,Rap
46562,Rap
68530,Blues
72018,Electronic
76114,Country
43717,Rock
77758,Blues
87126,Electronic
45711,Alternative
21913,Rap
60284,Alternative
58456,Blues
76953,Blues
88097,Alternative
39038,Country
75244,Rap
84231,Electronic
28462,Blues
49911,Country
75113,Rap
56495,Country
47770,Rap
85033,Blues
76250,Anime
70831,Blues
65544,Blues
61329,Electronic
43484,Rap
39269,Blues
33631,Alternative
48703,Rock
37802,Blues
38253,Blues
37849,Alternative
65720,Rock
48828,Country
62073,Blues
34598,Country
34309,Jazz
39308,Rap
70837,Electronic
34894,Anime
87581,Hip-Hop
80606,Blues
37122,Alternative
24022,Alternative
89837,Electronic
54084,Alternative
45147,Alternative
20360,Country
53780,Blues
60150,Classical
37065,Classical
20465,Country
60222,Country
24232,Alternative
69493,Anime
50507,Rap
21340,Blues
57482,Country
77737,Blues
22582,Country
32651,Alternative
36782,Blues
44475,Electronic
39313,Country
75119,Rap
45293,Anime
63054,Country
26344,Blues
35823,Alternative
59101,Electronic
26985,Rap
44996,Classical
74360,Classical
49080,Blues
62952,Hip-Hop
35107,Country
89338,Classical
76637,Electronic
59367,Electronic
22683,Rock
63772,Jazz
77616,Country
85197,Country
81252,Rap
46633,Country
91354,Rock
34952,Electronic
51615,Alternative
25525,Rap
47649,Blues
56748,Blues
83690,Rock
31060,Country
81822,Rap
65735,Electronic
52692,Rap
20884,Rap
90068,Rap
47129,Electronic
34669,Electronic
21548,Jazz
71953,Classical
44816,Alternative
23924,Classical
89358,Alternative
43198,Electronic
39563,Anime
49136,Anime
35228,Country
51376,Rap
35377,Classical
30876,Rock
83732,Alternative
43852,Jazz
44195,Country
73276,Classical
25204,Electronic
56229,Country
59023,Hip-Hop
38786,Country
76358,Electronic
47725,Country
24256,Blues
50014,Electronic
46563,Blues
85858,Rap
74524,Alternative
74767,Alternative
31011,Electronic
34767,Hip-Hop
42385,Electronic
52222,Rap
25067,Country
31184,Anime
46433,Classical
49888,Electronic
72951,Rap
39957,Electronic
34259,Electronic
76364,Blues
80861,Alternative
37808,Electronic
77717,Classical
47064,Country
90586,Rap
73045,Country
63709,Alternative
57809,Electronic
64673,Blues
23211,Jazz
46582,Electronic
29112,Hip-Hop
71956,Blues
33176,Country
27864,Anime
86681,Anime
43449,Country
34772,Electronic
51757,Rap
30910,Rap
66814,Alternative
21720,Hip-Hop
39542,Anime
83059,Blues
80772,Blues
21700,Anime
52270,Blues
56997,Country
62782,Anime
79629,Blues
78345,Alternative
49627,Blues
20383,Classical
44918,Rap
31519,Country
50227,Country
65171,Country
57200,Blues
23736,Electronic
58542,Electronic
57997,Alternative
72280,Blues
79493,Country
55552,Jazz
83810,Rap
70337,Rap
40368,Electronic
71438,Alternative
42328,Classical
59613,Country
55561,Country
89733,Rap
71254,Jazz
65228,Country
70675,Classical
72633,Electronic
54228,Blues
27418,Country
73139,Electronic
71475,Electronic
68288,Blues
40354,Classical
43671,Blues
87226,Anime
40617,Electronic
30969,Country
58891,Electronic
57246,Rap
84355,Electronic
78490,Rap
46866,Electronic
64700,Country
48630,Country
28028,Electronic
81849,Anime
55223,Alternative
23950,Alternative
91310,Rap
64499,Anime
68413,Electronic
28528,Alternative
31008,Alternative
85674,Country
40630,Blues
25401,Blues
49666,Blues
49291,Blues
66277,Rap
89779,Blues
20040,Anime
76744,Rap
80590,Blues
68027,Rock
30573,Jazz
30014,Blues
46225,Rock
57168,Electronic
28191,Blues
39845,Jazz
31747,Electronic
79879,Blues
48775,Blues
34267,Country
37650,Hip-Hop
75227,Anime
43188,Rap
76010,Rock
25670,Blues
39137,Blues
78156,Country
45953,Electronic
29543,Blues
74482,Blues
22392,Rap
25804,Electronic
47464,Country
29089,Alternative
88310,Rap
61446,Electronic
73368,Rock
86252,Rap
83700,Rock
65036,Blues
71722,Rap
47861,Classical
64156,Country
67741,Country
22149,Rap
82374,Rock
38127,Country
78873,Country
74151,Blues
69342,Rap
85438,Electronic
84246,Anime
21037,Rock
88397,Country
21876,Rap
86766,Blues
63480,Anime
58807,Rock
70541,Classical
42673,Country
44685,Anime
88581,Rap
65088,Alternative
20267,Electronic
62067,Electronic
68121,Classical
34387,Jazz
46272,Electronic
72149,Blues
55904,Electronic
86710,Rap
69485,Rap
56993,Classical
36283,Country
52357,Rap
37101,Country
38706,Classical
39180,Electronic
70250,Alternative
77272,Electronic
84457,Rap
84793,Anime
64494,Electronic
36468,Rap
33055,Rock
85625,Blues
75033,Blues
30549,Alternative
23092,Country
33885,Alternative
22929,Electronic
65842,Rock
62094,Country
79213,Classical
87496,Country
66881,Alternative
43655,Country
75219,Blues
86007,Blues
89204,Jazz
24317,Blues
91162,Rap
77488,Electronic
49016,Classical
46628,Country
66629,Classical
22974,Rap
37543,Alternative
22097,Blues
24123,Country
23432,Jazz
55218,Rap
43637,Electronic
73369,Electronic
72828,Alternative
39764,Jazz
86143,Rock
52911,Electronic
36349,Country
28590,Country
36546,Electronic
38080,Rock
61479,Electronic
70667,Electronic
84826,Rap
50808,Country
51720,Country
24392,Country
68320,Country
72497,Electronic
22150,Rap
21526,Country
70374,Alternative
28370,Electronic
90085,Anime
47124,Rap
72471,Anime
30785,Rap
23582,Rock
22719,Blues
86992,Electronic
35754,Jazz
77308,Anime
35575,Anime
76768,Blues
20395,Alternative
31082,Rap
90556,Blues
31444,Alternative
74543,Anime
62264,Country
41893,Electronic
51643,Alternative
54509,Blues
39678,Rap
40266,Country
82326,Blues
58307,Electronic
43837,Classical
47659,Classical
50893,Blues
62337,Alternative
43364,Blues
36837,Blues
77343,Anime
90511,Electronic
83958,Rock
86083,Alternative
26747,Anime
22853,Blues
65781,Rap
64393,Anime
89582,Country
47294,Classical
90464,Rap
32779,Alternative
41788,Rock
67522,Rap
57562,Electronic
24961,Electronic
45194,Rap
44317,Electronic
30018,Alternative
29423,Anime
61643,Blues
84829,Country
80355,Electronic
81489,Blues
39973,Electronic
78194,Rock
23701,Blues
28226,Electronic
89928,Alternative
26335,Blues
91284,Rap
50221,Country
43923,Alternative
38209,Anime
70169,Rap
22285,Country
76724,Electronic
20453,Jazz
53082,Electronic
66558,Anime
68943,Rock
82199,Electronic
26018,Country
56562,Electronic
74072,Country
43073,Classical
76614,Blues
54093,Alternative
67728,Blues
89412,Anime
44634,Rap
64907,Blues
88673,Rap
57745,Electronic
89952,Classical
55750,Anime
43009,Country
71077,Anime
27329,Country
60563,Alternative
73772,Anime
62166,Electronic
88208,Blues
48011,Rap
52100,Rap
74691,Classical
27404,Country
62652,Classical
81116,Country
70107,Alternative
59649,Classical
73443,Electronic
30259,Alternative
25207,Country
62411,Jazz
88202,Country
69348,Rap
62065,Classical
75125,Blues
69209,Blues
87068,Rock
49352,Alternative
49380,Rock
77988,Country
44070,Electronic
58610,Blues
50345,Electronic
49042,Rock
68063,Hip-Hop
57796,Classical
28948,Rap
33931,Jazz
74457,Rap
26473,Rap
69015,Alternative
36460,Rock
24513,Electronic
30015,Anime
21727,Alternative
85914,Blues
30641,Rap
69335,Rap
84974,Jazz
48529,Alternative
85844,Rap
66013,Anime
59308,Rap
91524,Classical
37281,Rock
57662,Anime
54159,Rap
23704,Country
26195,Rock
71485,Alternative
56476,Blues
34562,Blues
28650,Country
57613,Country
60633,Rock
34057,Rock
74808,Blues
23124,Alternative
34664,Blues
84763,Electronic
40235,Blues
37246,Blues
80625,Alternative
52760,Alternative
24743,Jazz
86739,Alternative
50128,Rap
40472,Electronic
45924,Alternative
83208,Blues
55706,Hip-Hop
36072,Anime
79899,Alternative
22577,Rap
72859,Blues
59165,Country
62177,Electronic
74803,Jazz
72387,Country
87886,Blues
23288,Jazz
74536,Rap
39219,Rap
22139,Alternative
81903,Electronic
91317,Electronic
32570,Alternative
33096,Rap
28818,Country
46843,Jazz
91629,Alternative
49617,Rap
74346,Alternative
49892,Electronic
80285,Classical
83680,Country
51304,Alternative
69621,Blues
61023,Country
83261,Alternative
20786,Alternative
83785,Blues
50081,Rock
86043,Alternative
24243,Blues
34953,Blues
28904,Alternative
56573,Country
52216,Rock
75670,Blues
67175,Anime
56904,Anime
32981,Electronic
28147,Electronic
31827,Electronic
44057,Rock
30401,Electronic
74393,Blues
91203,Rock
51571,Hip-Hop
36849,Electronic
29844,Rock
37652,Country
51111,Electronic
46197,Electronic
36371,Jazz
80292,Electronic
30873,Hip-Hop
63437,Country
66412,Country
26766,Electronic
66857,Classical
29282,Electronic
81589,Blues
30853,Anime
39426,Blues
61571,Rap
52956,Rap
66869,Rap
87838,Anime
45300,Rap
45008,Classical
35950,Jazz
23308,Country
83462,Anime
61955,Blues
50539,Rap
46380,Rap
54209,Electronic
83319,Rap
62163,Anime
42541,Electronic
51489,Electronic
73303,Rock
38354,Rock
74723,Electronic
55699,Rock
45864,Country
66012,Classical
65848,Country
36464,Blues
50348,Country
82744,Electronic
53295,Alternative
30256,Blues
43938,Anime
42228,Country
51695,Blues
51237,Rap
80890,Rap
46705,Country
26666,Alternative
56568,Electronic
50577,Electronic
76781,Alternative
44571,Alternative
45526,Blues
90033,Country
87413,Rap
27557,Anime
65209,Electronic
62315,Blues
78016,Rap
84340,Blues
41323,Rap
54358,Electronic
71288,Alternative
20117,Electronic
46169,Country
83214,Anime
59581,Rap
38591,Country
35987,Alternative
41593,Anime
80309,Anime
55791,Electronic
24376,Electronic
76148,Electronic
41762,Blues
53145,Rap
59523,Alternative
70900,Rock
58592,Anime
38434,Blues
39635,Rap
67033,Electronic
20375,Blues
43615,Jazz
62341,Blues
57724,Hip-Hop
80635,Alternative
46026,Country
41748,Rock
90890,Alternative
66413,Blues
84928,Blues
46145,Rap
21156,Anime
20581,Electronic
84199,Electronic
29208,Blues
79520,Alternative
62441,Electronic
42265,Rap
70806,Anime
77848,Blues
75648,Blues
49026,Classical
35246,Alternative
51470,Rap
51681,Electronic
44017,Blues
36688,Rock
76340,Country
60399,Jazz
73616,Rap
30693,Jazz
90155,Country
26535,Blues
71278,Country
68131,Blues
20358,Country
53425,Blues
81292,Alternative
64374,Country
48669,Country
53875,Anime
31975,Country
76423,Blues
70598,Rap
47003,Rap
73661,Electronic
78936,Rap
89023,Jazz
73275,Rock
90867,Rock
49520,Blues
47085,Rap
68814,Blues
70478,Anime
21796,Country
70936,Classical
44197,Electronic
65639,Electronic
41293,Alternative
83422,Country
81407,Classical
77036,Electronic
43946,Anime
39797,Electronic
32828,Alternative
69698,Alternative
44642,Rap
67341,Alternative
37722,Rap
29313,Alternative
78640,Classical
23925,Rap
56770,Rap
35847,Blues
82661,Blues
24484,Jazz
60768,Hip-Hop
23945,Alternative
82092,Hip-Hop
72987,Rap
58452,Blues
43732,Anime
71896,Electronic
59488,Alternative
23641,Rock
29557,Electronic
73387,Alternative
43983,Country
37494,Classical
32415,Rap
76374,Alternative
30635,Hip-Hop
84984,Blues
67927,Country
65771,Blues
57781,Rock
55735,Classical
37485,Blues
33891,Jazz
42131,Anime
63313,Anime
41638,Alternative
24494,Classical
22110,Alternative
83048,Rap
57804,Alternative
25430,Hip-Hop
72183,Blues
85161,Alternative
88713,Rock
70599,Blues
54413,Country
88277,Country
58344,Country
57368,Rap
55674,Alternative
22501,Alternative
66647,Alternative
79380,Rock
86361,Anime
59091,Anime
54445,Electronic
47781,Classical
36456,Jazz
58560,Alternative
63962,Classical
55241,Alternative
55908,Country
51492,Rap
71051,Electronic
84781,Blues
61565,Country
27079,Anime
75937,Classical
91061,Blues
85725,Rap
27902,Electronic
62328,Country
28290,Blues
64195,Electronic
58096,Electronic
50036,Electronic
88173,Rap
30100,Rap
25660,Hip-Hop
30728,Alternative
85219,Electronic
47996,Classical
76138,Jazz
80692,Alternative
46064,Blues
37360,Rap
72084,Classical
23063,Blues
26362,Jazz
72238,Jazz
30498,Anime
89345,Alternative
64559,Rap
82289,Country
33021,Rap
48331,Alternative
22569,Country
38918,Blues
91586,Rap
45022,Blues
45170,Rap
35094,Electronic
60622,Blues
45122,Blues
27477,Rap
40609,Blues
34573,Blues
21542,Alternative
39497,Blues
44238,Country
26788,Alternative
82086,Country
21596,Rock
82014,Classical
66562,Blues
44534,Electronic
85331,Classical
54162,Blues
39258,Electronic
72349,Jazz
84880,Blues
82675,Anime
53177,Classical
84961,Country
29191,Rap
70669,Rap
68175,Anime
83196,Alternative
25611,Blues
67598,Electronic
88181,Anime
66032,Anime
59802,Rap
49425,Alternative
37614,Electronic
45731,Anime
55390,Rap
21310,Country
53598,Anime
52415,Country
65924,Country
66293,Country
64910,Country
23263,Classical
85687,Country
42151,Blues
81969,Rock
25287,Electronic
72242,Rap
41700,Rap
78730,Rap
91221,Blues
88869,Alternative
73183,Blues
36676,Alternative
31302,Country
39835,Country
35639,Alternative
77495,Country
79779,Blues
89140,Alternative
60406,Country
21464,Jazz
48138,Country
48435,Rap
32710,Jazz
29714,Blues
66651,Rap
49014,Rap
70591,Anime
73819,Electronic
90526,Country
51256,Blues
28734,Classical
24727,Classical
55037,Alternative
57988,Rock
25422,Electronic
65742,Jazz
64978,Alternative
43250,Electronic
41887,Alternative
29494,Rap
78887,Electronic
57611,Blues
20886,Jazz
38232,Classical
33088,Blues
30459,Alternative
41509,Anime
43494,Alternative
45177,Electronic
48013,Anime
79669,Country
25755,Electronic
21472,Rap
28890,Blues
74447,Electronic
25323,Anime
89616,Country
37299,Blues
53494,Alternative
32827,Jazz
69683,Anime
23872,Classical
63974,Electronic
37695,Classical
85700,Classical
50392,Country
74375,Rap
63939,Rock
76767,Blues
45290,Alternative
82757,Rap
65739,Alternative
51604,Alternative
87088,Blues
47913,Anime
57467,Blues
66622,Alternative
39713,Blues
37813,Anime
53952,Rap
79253,Anime
49583,Rap
52282,Rap
36158,Country
68681,Rap
26332,Anime
20830,Country
64079,Country
54124,Country
53888,Jazz
87157,Alternative
81472,Alternative
20843,Rap
27253,Jazz
25553,Jazz
80849,Alternative
86283,Electronic
86278,Country
48804,Electronic
56436,Jazz
43471,Anime
65177,Blues
38938,Rock
78310,Rap
49104,Blues
69999,Rock
74065,Blues
49880,Anime
87162,Electronic
25961,Jazz
49218,Rap
59664,Rap
30416,Alternative
41979,Electronic
41751,Country
53820,Rap
59182,Rap
30953,Alternative
79506,Rap
79511,Alternative
74900,Alternative
69817,Electronic
81691,Electronic
55421,Blues
70401,Electronic
76315,Country
52807,Electronic
42690,Alternative
33657,Alternative
82047,Hip-Hop
21497,Jazz
21331,Rap
86624,Country
27929,Anime
46890,Anime
68000,Classical
77177,Anime
53301,Rap
67215,Rap
24448,Rap
46284,Rap
61653,Blues
85626,Blues
49890,Blues
47558,Anime
23188,Rap
74188,Hip-Hop
58314,Anime
67904,Country
32300,Blues
43353,Hip-Hop
84798,Alternative
32948,Classical
39487,Country
45697,Classical
77230,Classical
70699,Blues
76142,Rap
85868,Electronic
66184,Blues
41189,Rap
88634,Electronic
63137,Country
46020,Electronic
23366,Country
52590,Classical
78053,Blues
58885,Jazz
26501,Electronic
45476,Rap
21228,Alternative
43110,Blues
58168,Rap
87247,Country
81042,Alternative
91451,Rap
90769,Rap
67092,Country
22707,Anime
60027,Rap
59372,Hip-Hop
79614,Alternative
42232,Anime
78566,Electronic
74323,Rap
35250,Rock
26487,Rap
77439,Classical
57556,Rock
74918,Jazz
64763,Country
20207,Country
67874,Country
32150,Electronic
74865,Country
87609,Electronic
75522,Blues
32168,Rock
29840,Alternative
86888,Electronic
91604,Country
56690,Blues
45586,Anime
67339,Classical
72145,Blues
62311,Blues
67041,Alternative
51227,Electronic
68065,Blues
87058,Country
33411,Rap
33551,Rap
77419,Rap
79402,Electronic
74033,Electronic
89481,Country
31686,Alternative
23381,Electronic
28307,Rock
83362,Blues
26896,Anime
76758,Blues
21770,Rock
86294,Hip-Hop
79063,Rap
37272,Rock
47235,Rock
23517,Rock
51149,Hip-Hop
41458,Rap
30552,Blues
91116,Rap
38405,Rap
33893,Electronic
72566,Blues
25542,Country
41098,Electronic
44394,Rap
70197,Blues
56304,Rock
86506,Alternative
38665,Rap
35445,Country
37843,Rap
36739,Jazz
37085,Classical
32762,Country
46570,Country
24334,Blues
27609,Country
24748,Blues
44270,Electronic
71516,Electronic
61853,Alternative
37976,Blues
64340,Blues
83980,Alternative
21351,Electronic
74994,Alternative
45754,Rap
25793,Rap
36911,Country
36950,Classical
62781,Rap
85873,Alternative
50557,Rap
66597,Alternative
75632,Alternative
48653,Hip-Hop
23020,Anime
25153,Electronic
67335,Classical
53216,Classical
29536,Blues
85300,Country
43981,Electronic
20762,Country
48238,Jazz
88889,Rap
36639,Country
81059,Rock
21208,Rock
70362,Blues
45062,Electronic
62347,Blues
28424,Jazz
60307,Alternative
44660,Rock
84173,Blues
58214,Electronic
32853,Anime
65063,Blues
39861,Country
41054,Blues
28826,Jazz
20700,Rock
30870,Rap
82378,Rap
39245,Rap
63985,Rock
39490,Electronic
34909,Blues
67678,Alternative
72731,Electronic
50954,Jazz
78108,Hip-Hop
27297,Country
56808,Country
33865,Electronic
28331,Rap
88948,Electronic
29152,Country
45256,Blues
65950,Electronic
86650,Blues
59817,Rap
53167,Alternative
70702,Electronic
42880,Country
72998,Country
83458,Blues
60926,Anime
21534,Rap
65268,Anime
31123,Country
70809,Blues
79491,Rap
20050,Rap
58250,Blues
50044,Electronic
44445,Anime
46105,Jazz
61118,Anime
25902,Rap
91559,Alternative
90719,Rap
89429,Alternative
59615,Country
50006,Blues
47651,Country
32453,Blues
54844,Blues
36734,Electronic
83307,Rap
64429,Blues
60702,Classical
39647,Blues
64904,Blues
28648,Country
75806,Rap
26278,Electronic
57549,Blues
65748,Country
73287,Anime
30513,Classical
56319,Jazz
48586,Alternative
35897,Country
69808,Anime
75701,Electronic
64931,Electronic
28749,Country
68085,Electronic
89365,Electronic
47092,Rock
72589,Blues
90877,Anime
62628,Electronic
33549,Alternative
50672,Classical
80383,Blues
91327,Rock
39451,Blues
76360,Blues
59693,Electronic
65790,Classical
88908,Classical
55460,Rock
39533,Blues
56296,Blues
32597,Country
54946,Country
60349,Blues
50325,Rap
26165,Jazz
75418,Country
91254,Blues
66757,Classical
83366,Alternative
36271,Rap
80009,Alternative
70441,Electronic
85226,Hip-Hop
37838,Classical
74749,Blues
46286,Country
26352,Blues
22369,Alternative
46769,Electronic
73482,Rap
24409,Rap
87623,Classical
31054,Blues
89801,Anime
41337,Alternative
66708,Alternative
60854,Country
71518,Country
30231,Rap
89498,Alternative
30153,Blues
20504,Anime
44258,Classical
36508,Blues
29016,Electronic
80038,Electronic
63643,Blues
52593,Classical
83218,Anime
71618,Rap
69449,Classical
28736,Rap
27425,Alternative
36324,Blues
74771,Hip-Hop
87897,Country
73861,Anime
25424,Electronic
54242,Country
33620,Classical
48443,Anime
88529,Country
38694,Rock
77116,Country
85371,Blues
57871,Blues
71531,Rap
54707,Country
32146,Alternative
49699,Electronic
28707,Rap
90326,Blues
32424,Rock
53209,Anime
61022,Blues
71281,Classical
87600,Rap
43100,Electronic
21584,Electronic
58841,Rap
61322,Rap
66682,Country
22639,Country
50109,Country
79872,Hip-Hop
58299,Country
39094,Electronic
34466,Jazz
38869,Alternative
36908,Rock
91518,Rap
62115,Blues
29384,Blues
59611,Country
61491,Blues
23147,Rock
30948,Rap
43511,Rap
21175,Electronic
35495,Country
48154,Alternative
69597,Classical
21375,Rock
47135,Electronic
42333,Alternative
50563,Alternative
39727,Anime
34989,Country
65760,Blues
63024,Anime
48836,Rock
49258,Alternative
68066,Country
41451,Anime
71745,Blues
71414,Country
31688,Rap
36874,Electronic
91646,Alternative
89729,Electronic
71492,Electronic
77126,Anime
38280,Country
35873,Anime
79127,Electronic
90018,Rap
59819,Alternative
46900,Rock
89869,Country
61860,Alternative
77794,Blues
69743,Classical
68991,Rock
55896,Alternative
85715,Blues
69012,Country
48404,Alternative
50194,Alternative
55689,Jazz
75017,Electronic
66949,Blues
69596,Rap
44215,Rap
87064,Blues
32990,Electronic
61896,Rock
32534,Blues
21287,Electronic
57785,Country
69474,Alternative
32686,Alternative
21392,Hip-Hop
87431,Rap
56876,Alternative
80862,Anime
35660,Rock
46173,Rap
25275,Blues
41818,Rap
82240,Jazz
29770,Rap
30593,Rock
62184,Blues
61474,Electronic
57731,Classical
44511,Rock
84714,Classical
74322,Anime
87299,Classical
47272,Blues
80961,Blues
41095,Rock
83138,Rap
80195,Alternative
32520,Blues
36565,Classical
81069,Classical
38263,Blues
60573,Classical
73251,Rap
73223,Rap
49690,Rap
58347,Classical
64887,Rap
64824,Rock
28635,Electronic
32129,Blues
70529,Electronic
33939,Country
22659,Rap
51398,Alternative
52703,Classical
40584,Blues
23830,Rap
73019,Jazz
41083,Rock
31767,Blues
55905,Alternative
88574,Electronic
66514,Jazz
41032,Electronic
82239,Country
56038,Country
29218,Blues
91686,Blues
25177,Jazz
48155,Blues
88804,Rap
73211,Alternative
40805,Anime
86809,Blues
21214,Blues
65618,Country
62265,Rock
39214,Blues
51039,Blues
41292,Country
60998,Electronic
22713,Blues
45200,Blues
52666,Rap
42623,Blues
42649,Classical
51723,Alternative
39946,Country
58554,Rap
20385,Jazz
89106,Blues
82693,Blues
62243,Electronic
65683,Rap
84762,Electronic
46640,Classical
43866,Electronic
82536,Classical
39699,Rock
82923,Blues
26668,Rock
29203,Alternative
68854,Country
30818,Rap
60003,Electronic
88193,Blues
58980,Jazz
52044,Country
90483,Alternative
24201,Rap
75702,Alternative
88844,Alternative
32560,Alternative
27241,Rap
28480,Jazz
70631,Rock
80471,Jazz
35781,Classical
28251,Rock
62855,Electronic
50596,Classical
83949,Blues
25747,Country
54341,Country
57899,Electronic
83119,Anime
88078,Electronic
65929,Alternative
29425,Hip-Hop
32691,Rap
58804,Blues
68885,Blues
36173,Rap
34995,Alternative
55179,Country
22818,Alternative
40554,Country
79281,Alternative
58255,Rap
75178,Alternative
70626,Rap
22408,Anime
73849,Blues
40768,Country
38122,Country
52829,Rock
53234,Alternative
24685,Rock
32082,Rock
44313,Electronic
73314,Classical
51280,Electronic
80357,Anime
58645,Rap
80522,Blues
84573,Rap
58853,Anime
56049,Jazz
34458,Jazz
28618,Blues
34633,Alternative
37348,Country
83489,Electronic
86886,Electronic
25557,Country
31045,Classical
63983,Blues
76288,Alternative
62531,Classical
49461,Hip-Hop
39890,Rap
68960,Alternative
75277,Blues
89518,Blues
60733,Electronic
50910,Jazz
49831,Rock
70909,Alternative
56485,Electronic
78985,Rap
52442,Rap
27760,Classical
74318,Electronic
49962,Blues
51226,Alternative
65290,Anime
77437,Alternative
61240,Alternative
55194,Alternative
33890,Rap
42581,Alternative
74264,Blues
72032,Blues
59407,Alternative
67658,Rock
33446,Country
45225,Rock
89135,Electronic
42364,Country
81128,Alternative
30120,Rap
21045,Classical
31284,Blues
84446,Anime
56921,Alternative
91621,Rap
49328,Electronic
36706,Blues
53581,Alternative
80310,Electronic
89906,Anime
29103,Rap
28949,Rock
67714,Classical
42644,Country
63433,Blues
29922,Rap
39228,Rap
71972,Anime
32972,Blues
23022,Country
55576,Blues
85423,Blues
32013,Anime
35045,Anime
78620,Alternative
60033,Anime
75144,Anime
27688,Classical
42540,Blues
21297,Alternative
79951,Classical
68050,Blues
76572,Electronic
27090,Electronic
89688,Alternative
27128,Country
72202,Alternative
40806,Blues
49697,Rap
70344,Classical
60864,Blues
51768,Country
45003,Alternative
71778,Alternative
76817,Country
40828,Country
44993,Electronic
44122,Blues
74612,Electronic
41430,Anime
62162,Country
45578,Blues
57259,Electronic
71987,Jazz
25035,Anime
63280,Blues
53988,Anime
58493,Country
41325,Jazz
39872,Alternative
51150,Blues
41960,Rock
37572,Classical
59880,Blues
42955,Alternative
63226,Classical
43752,Blues
84912,Electronic
34584,Blues
34280,Rap
20650,Rap
41476,Anime
67393,Anime
35415,Alternative
51305,Rock
82306,Rap
26513,Blues
58716,Country
66276,Rap
60245,Electronic
59328,Electronic
22863,Alternative
57943,Alternative
29311,Classical
59043,Rap
61733,Electronic
78165,Electronic
88027,Electronic
40034,Country
83158,Country
45652,Jazz
69537,Jazz
21524,Jazz
43765,Rap
74041,Alternative
31514,Rap
88188,Country
75416,Anime
62003,Blues
62409,Alternative
20730,Rap
63126,Rap
24266,Alternative
80172,Rap
32548,Classical
35785,Rap
56518,Alternative
61035,Blues
25859,Country
75624,Anime
37188,Rap
22453,Country
49074,Electronic
67113,Alternative
40330,Rock
41839,Rock
27832,Country
25689,Rap
60400,Blues
28902,Blues
74814,Blues
49120,Anime
90502,Electronic
67997,Country
81866,Country
81427,Alternative
78819,Blues
20477,Rock
81447,Rock
68166,Rap
42270,Rap
90570,Jazz
90542,Classical
59764,Alternative
63416,Jazz
32844,Alternative
66410,Rap
38754,Rock
57397,Rock
24895,Alternative
85111,Blues
76544,Alternative
59796,Rap
57906,Rap
52234,Classical
41978,Jazz
33984,Alternative
35863,Alternative
49940,Alternative
58146,Rap
86592,Country
87010,Country
50082,Blues
31016,Blues
51211,Rock
43404,Rap
53777,Hip-Hop
27075,Rock
36087,Alternative
46731,Country
80170,Alternative
34274,Rap
21972,Anime
34193,Electronic
89697,Blues
33516,Alternative
71984,Electronic
31581,Electronic
86868,Blues
78440,Blues
72967,Blues
45706,Anime
25867,Classical
57329,Electronic
61077,Electronic
68687,Blues
48012,Rock
78268,Blues
32325,Rap
66649,Electronic
36580,Rock
33094,Electronic
42759,Anime
56920,Classical
24377,Classical
54721,Rap
32932,Electronic
33976,Country
67296,Jazz
48292,Rap
65194,Anime
43685,Country
71453,Blues
24357,Alternative
76509,Blues
73146,Blues
34654,Classical
88756,Rock
55131,Rap
22331,Country
55189,Alternative
41996,Electronic
56430,Alternative
26294,Rap
52392,Country
59456,Anime
38680,Electronic
63857,Blues
40004,Electronic
29852,Alternative
31781,Alternative
47716,Electronic
74334,Alternative
57109,Rock
21404,Country
80346,Blues
48346,Rock
81597,Country
23446,Electronic
53351,Rap
63730,Alternative
68865,Anime
86740,Alternative
86360,Rock
44153,Blues
28967,Blues
67912,Rock
65044,Blues
39209,Rock
27150,Blues
68180,Rap
84741,Rap
36164,Classical
30710,Rock
50010,Alternative
90435,Country
62928,Electronic
89102,Alternative
51335,Anime
22396,Country
89024,Electronic
51516,Blues
60897,Blues
56407,Alternative
65190,Classical
53706,Alternative
63938,Country
58256,Rap
22997,Anime
86901,Anime
43823,Rap
32832,Rock
91240,Blues
77543,Anime
79967,Blues
66664,Anime
76001,Rock
48363,Anime
68234,Anime
50219,Rap
27335,Electronic
79807,Rap
65214,Blues
90138,Electronic
35523,Rap
53878,Rock
85386,Alternative
69341,Blues
47052,Alternative
41980,Classical
86530,Rock
48403,Blues
86158,Anime
32292,Rap
20251,Hip-Hop
82888,Classical
73344,Jazz
34938,Rap
90679,Country
84167,Blues
33482,Alternative
47724,Anime
41760,Country
91293,Country
87280,Alternative
27568,Classical
66322,Blues
29710,Blues
76210,Country
83465,Classical
70969,Country
23052,Country
83542,Blues
54250,Electronic
65362,Electronic
68230,Blues
65571,Blues
57178,Alternative
65921,Blues
72369,Electronic
66530,Classical
42735,Blues
52922,Country
84756,Country
55667,Country
54671,Classical
23163,Electronic
89116,Rap
25226,Electronic
25514,Electronic
39816,Electronic
79494,Rap
88157,Alternative
27590,Blues
39769,Country
76919,Electronic
80223,Electronic
83986,Electronic
20077,Rap
36656,Anime
66168,Blues
43300,Blues
82211,Country
75999,Anime
78508,Rap
71489,Alternative
71218,Rock
28212,Anime
48445,Rap
83983,Country
29630,Rap
72235,Blues
77711,Blues
40137,Alternative
53588,Alternative
80486,Anime
89512,Electronic
32014,Hip-Hop
49756,Rock
82181,Electronic
51508,Alternative
44925,Electronic
55248,Blues
52077,Country
67270,Electronic
20211,Blues
42280,Electronic
91078,Anime
68915,Alternative
91576,Blues
79384,Rock
59394,Blues
32652,Alternative
66332,Blues
28738,Hip-Hop
46811,Electronic
81918,Rap
39728,Blues
53188,Country
45647,Classical
77005,Rap
50235,Blues
84467,Alternative
34689,Rock
33413,Blues
37777,Blues
38112,Blues
39971,Country
44529,Anime
90067,Alternative
22701,Jazz
64071,Anime
52358,Blues
22444,Classical
78680,Rap
21658,Rap
31806,Jazz
80517,Classical
89428,Rap
46423,Rap
74810,Hip-Hop
57380,Hip-Hop
44988,Blues
72132,Alternative
73412,Electronic
23543,Country
83926,Rock
50443,Classical
63618,Classical
29575,Alternative
35290,Electronic
81244,Classical
66996,Anime
66164,Country
43048,Electronic
37723,Alternative
34795,Rap
66836,Electronic
45997,Rap
62738,Electronic
85064,Rock
88628,Rock
67563,Electronic
80617,Country
22112,Rap
40531,Blues
29523,Country
39339,Rap
28721,Rap
27856,Hip-Hop
87132,Alternative
68671,Alternative
34218,Blues
25570,Rock
91208,Country
91273,Jazz
37172,Electronic
51917,Alternative
52930,Rap
40928,Rap
24622,Rap
40701,Blues
36222,Jazz
40045,Blues
78140,Alternative
72446,Anime
28636,Rap
37015,Alternative
36651,Anime
63124,Anime
48152,Electronic
34429,Electronic
28681,Rap
29474,Country
89944,Alternative
86129,Rap
46599,Rap
62155,Country
87335,Jazz
61171,Blues
32943,Electronic
38757,Blues
44364,Alternative
27855,Country
60574,Rap
38936,Blues
68763,Rap
45378,Country
81188,Country
89054,Rap
53559,Blues
73731,Classical
89558,Electronic
48274,Jazz
25225,Rap
22518,Alternative
84916,Jazz
29594,Rap
23239,Blues
53554,Rap
66534,Blues
37969,Electronic
73774,Electronic
22220,Rap
40142,Rap
56683,Electronic
48348,Country
63768,Country
47008,Alternative
34512,Country
64560,Anime
67250,Anime
74484,Electronic
32238,Country
50549,Country
56824,Blues
25193,Rap
71447,Rap
23513,Blues
61791,Blues
90318,Country
33750,Blues
33576,Rap
83822,Alternative
67059,Country
54637,Blues
76587,Rap
43742,Country
81161,Anime
62118,Alternative
47039,Blues
36556,Country
66661,Alternative
51908,Country
39416,Rap
35834,Blues
37904,Country
68547,Anime
34706,Classical
69564,Electronic
86895,Electronic
22541,Rap
48432,Country
33590,Electronic
74609,Rap
45206,Alternative
39398,Anime
35441,Country
42883,Anime
56521,Rock
20031,Rap
27922,Blues
31429,Country
67675,Jazz
34225,Anime
22397,Rap
48271,Electronic
63410,Blues
89985,Alternative
81154,Classical
25091,Blues
62897,Country
74112,Rap
45179,Hip-Hop
62591,Electronic
48609,Classical
26210,Jazz
86058,Blues
80191,Electronic
71912,Rap
24051,Anime
54012,Rap
79149,Alternative
40793,Country
36791,Rap
55200,Blues
86061,Rock
27947,Country
53861,Electronic
21601,Blues
41414,Electronic
30335,Electronic
27790,Alternative
90932,Alternative
30792,Electronic
86292,Anime
43883,Country
89133,Classical
70274,Blues
82154,Rap
46577,Rap
49834,Rap
72241,Rap
81227,Rap
28530,Alternative
44561,Anime
51941,Rock
59445,Anime
31828,Electronic
42703,Country
63039,Electronic
74872,Rock
41405,Rap
72432,Electronic
61270,Country
64056,Classical
64788,Blues
82668,Electronic
46958,Hip-Hop
83646,Country
68911,Country
21084,Electronic
70327,Country
30022,Classical
54442,Rap
31599,Blues
61315,Blues
45069,Electronic
56172,Rock
35676,Rap
32138,Alternative
70269,Electronic
66648,Country
45268,Electronic
28057,Electronic
38688,Country
20690,Electronic
58196,Blues
60862,Anime
25864,Classical
54680,Classical
78483,Country
84319,Country
34344,Blues
77857,Blues
43662,Blues
38487,Rap
54861,Blues
79123,Classical
54891,Hip-Hop
74001,Rock
52987,Jazz
74435,Country
64730,Rap
23793,Electronic
77927,Rap
65704,Rap
51038,Alternative
34414,Jazz
84149,Electronic
67845,Country
39820,Country
59343,Blues
30163,Rap
43191,Rock
74930,Alternative
21591,Blues
79559,Electronic
73392,Anime
20611,Rap
63898,Alternative
67194,Classical
23828,Country
55875,Rap
58354,Jazz
32585,Rock
87781,Blues
24531,Country
61337,Blues
62039,Blues
85785,Classical
28896,Anime
32301,Rap
21744,Alternative
64431,Jazz
63290,Country
62761,Alternative
21236,Electronic
80601,Blues
48059,Blues
68651,Rap
52893,Classical
63344,Rap
88348,Rap
50494,Rap
63175,Rap
83342,Electronic
65647,Alternative
62977,Blues
35008,Rock
88470,Anime
86877,Blues
43117,Blues
62569,Blues
88429,Hip-Hop
37958,Rap
63799,Alternative
50420,Rock
33097,Anime
20739,Blues
28900,Electronic
81423,Country
89331,Blues
63590,Anime
42101,Anime
90798,Jazz
58739,Blues
77699,Electronic
60608,Country
46009,Electronic
54988,Alternative
55499,Rap
42911,Electronic
80398,Jazz
77068,Anime
62645,Jazz
59983,Hip-Hop
74349,Rock
80323,Anime
82970,Electronic
20926,Electronic
62437,Alternative
79764,Alternative
38308,Anime
53963,Classical
50592,Electronic
85311,Country
41969,Electronic
59087,Blues
44036,Rock
54103,Country
39794,Rap
53006,Jazz
65399,Alternative
84837,Rock
46137,Electronic
64516,Electronic
87015,Alternative
41840,Rap
38276,Classical
73210,Classical
83610,Blues
33568,Blues
25865,Classical
77804,Anime
58644,Rock
47760,Rock
76515,Electronic
20598,Rock
67080,Country
21044,Blues
41878,Anime
70339,Anime
81317,Country
40320,Anime
28372,Classical
37076,Electronic
79513,Blues
25929,Alternative
83183,Country
25072,Rap
51366,Electronic
48004,Rap
50733,Alternative
74818,Rap
23036,Anime
77046,Country
67631,Jazz
69578,Anime
82260,Country
54231,Classical
37268,Country
37748,Rap
40863,Country
80830,Blues
22789,Electronic
71769,Classical
22402,Rock
67516,Blues
68538,Anime
71181,Blues
55865,Rap
88546,Alternative
51583,Country
55071,Anime
86643,Blues
68228,Blues
46539,Classical
51082,Rock
50715,Jazz
33062,Rap
83674,Blues
32069,Country
53516,Anime
20808,Rock
57473,Country
37012,Rap
33598,Electronic
46290,Electronic
55462,Hip-Hop
53692,Country
54765,Country
55671,Country
70542,Rap
50500,Anime
70957,Electronic
78301,Rap
36970,Classical
54675,Alternative
78460,Alternative
50673,Electronic
20515,Blues
32880,Alternative
37120,Blues
55315,Blues
51810,Electronic
25543,Electronic
70256,Blues
90091,Rap
90553,Alternative
62664,Rap
74616,Rap
65000,Blues
45710,Alternative
31774,Electronic
36172,Country
40134,Jazz
69469,Electronic
43542,Country
54455,Alternative
50085,Anime
85837,Alternative
91213,Blues
41557,Alternative
30880,Rap
22850,Rap
85833,Jazz
68489,Electronic
49497,Rock
49272,Classical
73878,Electronic
64304,Electronic
79435,Anime
64740,Jazz
22224,Blues
85341,Rap
50156,Country
35411,Electronic
88433,Anime
76598,Classical
84534,Blues
84433,Country
32719,Rap
28963,Rap
25571,Rock
40547,Anime
71584,Rap
71867,Electronic
61358,Alternative
73165,Classical
31652,Electronic
66206,Rock
41496,Blues
47280,Blues
51806,Country
56318,Rock
33537,Alternative
74123,Country
69136,Hip-Hop
75526,Electronic
44972,Blues
64735,Classical
66355,Rock
32862,Rap
49171,Classical
85903,Anime
45016,Jazz
25344,Alternative
66840,Rap
88988,Electronic
51531,Rap
41685,Electronic
74377,Electronic
71074,Rap
46651,Classical
65111,Rap
53347,Alternative
55695,Rap
56393,Rap
84644,Rap
60081,Blues
58080,Blues
28002,Rap
54665,Alternative
76820,Anime
78963,Rap
32479,Blues
76223,Blues
76818,Electronic
72203,Electronic
88737,Country
47513,Country
66907,Rap
54000,Blues
46311,Rap
39730,Rap
66981,Blues
25531,Electronic
89181,Electronic
59205,Jazz
88477,Anime
86758,Anime
72690,Electronic
46163,Alternative
27047,Rap
88103,Blues
69372,Blues
46593,Country
80036,Rap
81542,Blues
76305,Blues
42552,Country
74213,Hip-Hop
64197,Country
55235,Blues
63198,Alternative
45971,Alternative
24519,Electronic
32045,Jazz
46841,Country
87406,Jazz
20938,Alternative
77493,Country
34505,Rock
50255,Blues
68535,Blues
20931,Jazz
20587,Rap
45843,Country
37484,Blues
63707,Alternative
79284,Country
75893,Country
36723,Rock
84934,Rock
89370,Rap
26734,Classical
60803,Alternative
83778,Rock
60936,Country
81234,Electronic
74647,Country
87416,Anime
89277,Country
81045,Rap
59083,Blues
50977,Electronic
65227,Country
37274,Electronic
29942,Electronic
28616,Anime
75097,Blues
46138,Classical
87716,Blues
63886,Rock
75769,Blues
51747,Alternative
75445,Alternative
86036,Electronic
50661,Country
23504,Classical
70673,Classical
88261,Country
30080,Jazz
39922,Rap
86246,Blues
33481,Alternative
20619,Electronic
56867,Blues
81167,Anime
81583,Jazz
48197,Alternative
51020,Rap
80697,Electronic
39187,Blues
85917,Anime
64378,Country
71151,Alternative
51706,Rap
63264,Anime
38148,Rock
37067,Anime
87309,Electronic
39925,Anime
49476,Jazz
90918,Alternative
69478,Alternative
77715,Country
76516,Rock
32208,Rap
77582,Country
62375,Electronic
91527,Blues
21609,Jazz
48099,Electronic
65251,Rap
27999,Classical
38394,Country
48916,Blues
34450,Rap
61107,Alternative
20784,Blues
34732,Rock
70106,Alternative
64279,Hip-Hop
36621,Rap
82985,Blues
60526,Rock
90706,Blues
86153,Classical
72869,Blues
54090,Rap
75324,Rock
25574,Rock
36304,Electronic
31673,Anime
46208,Classical
91104,Electronic
36130,Rap
41959,Rap
39773,Blues
38981,Electronic
88463,Alternative
85431,Country
49452,Anime
82538,Classical
81449,Alternative
82270,Electronic
35273,Country
20063,Rock
45162,Rap
75355,Rock
54077,Alternative
44202,Rock
83093,Country
60288,Classical
76033,Electronic
30136,Rock
58732,Electronic
60742,Rap
77212,Country
50677,Rap
24565,Alternative
88255,Alternative
21425,Blues
76064,Rap
53539,Classical
54382,Alternative
78603,Rap
69240,Country
64236,Blues
23998,Classical
34980,Jazz
49288,Classical
74433,Blues
42189,Rap
84897,Rock
86738,Jazz
27641,Blues
41635,Jazz
84233,Anime
84169,Country
80592,Anime
71577,Alternative
37669,Blues
51597,Rap
32985,Rap
34547,Blues
81756,Electronic
61688,Anime
43619,Blues
87511,Classical
48774,Rap
60910,Country
26243,Alternative
56892,Rap
75498,Rap
32774,Country
48988,Rap
44196,Country
74963,Country
68646,Hip-Hop
57522,Jazz
88711,Rock
59937,Jazz
57202,Rock
90937,Anime
91193,Anime
71922,Rap
55650,Blues
70516,Blues
22765,Country
49054,Alternative
31985,Electronic
60466,Alternative
42813,Anime
30417,Rock
45469,Anime
41765,Rock
33504,Rap
88285,Country
39603,Rap
70056,Country
39388,Country
26176,Classical
32389,Blues
31980,Anime
72832,Alternative
76955,Alternative
62072,Rock
32316,Electronic
86921,Rap
59255,Electronic
57649,Electronic
67238,Blues
29119,Country
53816,Rock
80019,Anime
36785,Blues
78259,Blues
89764,Blues
48039,Rap
31446,Anime
88175,Electronic
55246,Electronic
52157,Rock
57464,Classical
30733,Classical
59748,Rap
27309,Country
52251,Jazz
51734,Anime
90172,Country
33315,Classical
62799,Classical
73737,Electronic
54772,Country
40686,Country
65422,Electronic
60673,Electronic
40477,Electronic
79377,Alternative
26102,Blues
48428,Rap
83858,Rock
20046,Blues
49376,Alternative
55039,Alternative
90687,Blues
34408,Blues
63800,Country
57682,Country
51949,Country
62080,Rap
53983,Hip-Hop
74652,Rap
31433,Electronic
42419,Anime
72895,Rap
53758,Blues
36117,Blues
66746,Electronic
68635,Rap
70758,Blues
22736,Electronic
60930,Country
73517,Electronic
31782,Alternative
55312,Classical
39170,Hip-Hop
74695,Jazz
36777,Alternative
43780,Country
75944,Alternative
67459,Rap
73801,Anime
33538,Alternative
66232,Rap
45851,Electronic
32236,Blues
78371,Country
51069,Jazz
32431,Electronic
48550,Electronic
79484,Anime
66846,Country
34590,Rock
63427,Anime
33301,Blues
70849,Rock
40284,Blues
76200,Rap
26230,Blues
21545,Jazz
86632,Rap
60089,Country
20174,Alternative
43442,Rap
65359,Alternative
58376,Rock
32960,Jazz
83552,Jazz
68774,Alternative
31926,Rap
85850,Electronic
32242,Electronic
74523,Alternative
50188,Rap
52709,Rap
70325,Blues
75031,Country
76137,Electronic
58522,Country
82027,Rap
83903,Blues
62271,Country
57450,Country
78994,Jazz
43909,Blues
30097,Rock
55686,Rock
23831,Anime
65220,Electronic
85918,Electronic
57303,Electronic
71360,Country
24844,Rock
91345,Alternative
76160,Anime
43584,Jazz
54059,Classical
78523,Blues
39712,Country
23173,Classical
34240,Classical
22291,Country
86869,Alternative
75641,Country
23346,Alternative
77047,Blues
57616,Blues
74993,Country
41587,Electronic
21008,Alternative
48453,Rap
22358,Blues
83666,Electronic
23101,Electronic
88750,Rock
55614,Anime
45080,Rock
43768,Rap
50581,Blues
45356,Jazz
35917,Rap
59672,Classical
20418,Blues
38661,Electronic
62100,Rap
62802,Country
20320,Rock
25220,Blues
49250,Rap
87448,Blues
27349,Jazz
48259,Electronic
44321,Blues
37518,Blues
45982,Rap
40393,Alternative
83287,Alternative
91677,Classical
35635,Rap
38614,Alternative
64397,Anime
46126,Country
60059,Rock
84023,Alternative
27840,Electronic
52114,Rap
58718,Rock
88037,Anime
71768,Blues
33135,Country
24939,Hip-Hop
87662,Rap
24842,Blues
32902,Rap
84225,Blues
27723,Alternative
51252,Rap
49854,Rap
51528,Blues
23156,Classical
31779,Country
66429,Classical
67890,Country
63632,Jazz
23518,Alternative
71748,Rock
81954,Electronic
57761,Classical
60403,Classical
49932,Classical
34976,Jazz
41383,Alternative
72167,Blues
29473,Blues
30694,Electronic
65999,Alternative
22872,Rap
49961,Rap
72610,Country
81239,Anime
47490,Classical
37139,Alternative
52579,Anime
26965,Rock
65337,Blues
37847,Rap
67593,Electronic
76528,Country
88166,Rap
23651,Rock
49245,Classical
67252,Blues
61669,Blues
77976,Alternative
23255,Electronic
49922,Country
53534,Alternative
64527,Anime
53960,Anime
30658,Alternative
57302,Rock
25661,Electronic
89976,Alternative
51240,Anime
81310,Rap
29943,Electronic
73657,Blues
31544,Blues
84972,Blues
53461,Electronic
64767,Classical
46904,Anime
52280,Blues
68240,Alternative
22266,Classical
25765,Blues
77686,Classical
91569,Rap
66704,Anime
65270,Electronic
76604,Blues
47577,Alternative
87311,Alternative
27070,Alternative
48793,Alternative
87853,Alternative
58324,Classical
85010,Rock
38771,Rap
23706,Rock
69287,Jazz
79139,Blues
81566,Rap
84744,Hip-Hop
84870,Blues
56903,Rap
31722,Classical
45600,Rap
54606,Electronic
40209,Electronic
73823,Country
74571,Electronic
33019,Country
29348,Rap
35043,Country
30086,Classical
73229,Country
49559,Country
81469,Rap
26435,Electronic
74150,Alternative
47076,Anime
59955,Rap
53156,Rock
88313,Alternative
58814,Classical
52731,Country
41863,Alternative
73776,Blues
56583,Blues
29653,Rock
27580,Rap
51010,Country
72491,Country
87495,Country
44304,Electronic
67276,Blues
46781,Anime
64054,Classical
84459,Rap
53061,Electronic
23484,Alternative
36122,Rap
46287,Blues
33247,Blues
90592,Classical
67542,Alternative
24432,Blues
73104,Classical
56045,Blues
57420,Jazz
80926,Rock
82554,Electronic
79028,Classical
84840,Rap
51323,Jazz
49998,Rock
78118,Country
69848,Rap
88690,Country
32843,Rap
74018,Classical
57555,Blues
23673,Rap
37520,Country
22236,Alternative
63217,Hip-Hop
30664,Rap
87108,Electronic
79353,Electronic
42888,Classical
45192,Hip-Hop
25754,Blues
87241,Classical
29524,Blues
82547,Electronic
90315,Alternative
67111,Rap
74792,Anime
44433,Country
39312,Electronic
86752,Blues
23485,Alternative
69502,Electronic
28761,Anime
58163,Country
32043,Blues
33721,Rap
31770,Anime
29685,Rock
90247,Anime
40372,Blues
53275,Electronic
85078,Electronic
37269,Anime
74532,Blues
26366,Electronic
22158,Alternative
21794,Alternative
55632,Blues
60659,Blues
76749,Electronic
34370,Electronic
65429,Rap
49098,Jazz
81155,Rap
50933,Rock
70700,Jazz
55113,Alternative
43635,Jazz
68322,Electronic
24234,Electronic
37507,Rap
27547,Rap
48217,Rap
54252,Blues
56408,Alternative
35782,Alternative
88239,Electronic
83304,Classical
46394,Blues
54454,Country
20676,Anime
37089,Rap
89219,Country
57933,Jazz
22135,Electronic
34902,Country
60016,Alternative
74766,Blues
47348,Rap
56803,Rap
61738,Rap
21003,Classical
41180,Country
90984,Alternative
27170,Country
43374,Rap
62777,Anime
64216,Rap
24114,Anime
34156,Rap
40347,Anime
49913,Country
46434,Alternative
53066,Country
56423,Rap
53653,Rap
24883,Country
89554,Anime
65967,Electronic
66614,Rock
78132,Blues
46437,Alternative
61482,Classical
53142,Rap
82463,Anime
39386,Country
40169,Electronic
38074,Rock
45281,Electronic
54873,Country
53531,Rock
40110,Classical
40174,Country
38116,Country
23972,Blues
67050,Alternative
73544,Blues
71460,Rock
58035,Classical
53568,Rap
27319,Classical
41508,Anime
42934,Anime
35487,Jazz
48977,Blues
73300,Country
66060,Blues
64628,Rap
78613,Rap
58843,Anime
71611,Blues
24597,Jazz
59776,Rock
71780,Blues
70031,Country
61892,Rap
59982,Rap
20265,Electronic
48006,Rock
41194,Electronic
60640,Classical
88272,Rock
37217,Anime
49694,Electronic
28822,Classical
91064,Blues
25911,Blues
21924,Blues
29296,Rap
40395,Rap
43197,Rap
67195,Alternative
53104,Electronic
49862,Electronic
22069,Country
65076,Country
38955,Rap
68338,Country
49396,Electronic
51469,Blues
52716,Blues
56268,Blues
24143,Rap
37807,Blues
84442,Electronic
28695,Blues
58786,Country
71068,Rap
20528,Anime
29157,Anime
65962,Classical
39107,Electronic
39649,Electronic
87913,Rap
83131,Alternative
77824,Blues
74708,Rap
21238,Country
60166,Country
27773,Classical
88047,Alternative
77238,Classical
69097,Electronic
88817,Blues
44965,Blues
85310,Country
41905,Blues
68709,Rap
56695,Electronic
76391,Electronic
86076,Rap
23283,Rap
86649,Blues
67707,Rap
83902,Classical
29535,Electronic
59238,Country
36277,Blues
81219,Rap
53408,Country
42487,Anime
27762,Classical
55470,Rap
38695,Blues
86422,Rap
86520,Alternative
82696,Blues
42947,Blues
72726,Country
58734,Classical
24001,Electronic
76819,Hip-Hop
67349,Rap
84139,Country
22499,Alternative
39965,Blues
26177,Electronic
78715,Blues
73135,Jazz
29573,Country
82048,Rap
77511,Electronic
42421,Electronic
30592,Blues
60193,Country
48554,Country
36913,Jazz
27637,Blues
91632,Blues
88879,Blues
31538,Alternative
74021,Electronic
24142,Country
40907,Electronic
25333,Rap
26021,Rock
48815,Rap
24366,Anime
80764,Blues
37492,Rap
63000,Classical
89716,Alternative
23175,Country
20275,Electronic
51253,Rap
43052,Anime
50395,Electronic
66235,Country
81684,Country
89652,Country
25521,Anime
75775,Electronic
56587,Rap
86281,Electronic
55996,Alternative
87110,Classical
65893,Jazz
56886,Alternative
45556,Blues
34141,Rap
31963,Alternative
68212,Electronic
20624,Rock
82456,Country
82891,Blues
50086,Blues
88093,Blues
33896,Anime
46256,Classical
67093,Anime
59347,Alternative
52840,Rap
76025,Blues
76499,Rock
66894,Blues
40794,Electronic
53098,Rock
51897,Electronic
34917,Rock
68600,Anime
73783,Rock
68758,Classical
50725,Jazz
23584,Anime
28533,Classical
89916,Rap
83816,Blues
73939,Rap
86954,Alternative
33098,Electronic
36957,Electronic
59203,Blues
55119,Rock
38233,Rap
31303,Blues
70354,Electronic
85042,Rap
31242,Rap
82718,Blues
50598,Rap
42870,Electronic
38078,Blues
48881,Blues
32024,Electronic
47415,Country
37730,Rap
36921,Electronic
76915,Alternative
57139,Anime
21974,Blues
61602,Rap
87266,Rap
91578,Alternative
70967,Rap
71812,Alternative
56132,Electronic
44781,Country
81985,Country
49506,Rock
81606,Blues
51096,Classical
89253,Country
57088,Classical
74511,Blues
23198,Electronic
64506,Anime
58722,Hip-Hop
44106,Electronic
83035,Alternative
68494,Alternative
22431,Jazz
69369,Country
36680,Rap
37517,Alternative
32244,Electronic
70514,Classical
78324,Anime
47521,Rock
28273,Country
83948,Rock
68100,Country
50484,Jazz
77619,Alternative
40511,Country
68921,Hip-Hop
41945,Rock
55244,Rap
44111,Anime
22994,Rap
53711,Alternative
20473,Alternative
71419,Electronic
30352,Country
42803,Country
24072,Rap
42329,Alternative
34582,Electronic
58965,Rap
75206,Blues
46946,Country
25919,Hip-Hop
88421,Blues
57431,Rock
27720,Electronic
80647,Rap
89681,Blues
51916,Hip-Hop
87908,Alternative
30859,Electronic
87573,Country
72969,Alternative
24194,Rap
68428,Rap
36501,Blues
63037,Blues
34922,Country
54586,Country
30449,Alternative
29544,Rap
75887,Electronic
56002,Alternative
48904,Anime
83066,Rap
23612,Alternative
62015,Alternative
80705,Alternative
81052,Rap
39477,Electronic
74029,Alternative
56978,Classical
71954,Country
69971,Country
65581,Electronic
44653,Blues
64846,Anime
44933,Anime
33769,Blues
26726,Alternative
81633,Jazz
69689,Blues
60663,Classical
64109,Country
85721,Blues
65187,Rap
84436,Blues
69959,Blues
40740,Classical
65959,Electronic
77108,Classical
79394,Alternative
35141,Alternative
29835,Country
44010,Anime
56635,Classical
90145,Anime
70227,Rock
71232,Country
58021,Electronic
58913,Electronic
64890,Hip-Hop
36541,Blues
69839,Electronic
36933,Rap
60324,Electronic
29320,Blues
40332,Country
88355,Electronic
83085,Anime
56076,Rap
40595,Rock
86139,Electronic
26438,Blues
34852,Alternative
80841,Rap
90683,Blues
60390,Blues
80464,Classical
54325,Classical
22936,Rap
80767,Rap
84186,Electronic
32077,Classical
48949,Electronic
80580,Anime
56550,Alternative
78512,Country
55937,Alternative
23327,Rap
78356,Country
90942,Anime
81342,Blues
62745,Classical
85455,Alternative
72602,Electronic
53100,Anime
64711,Rock
56419,Electronic
84049,Anime
52632,Rap
33415,Rock
35376,Electronic
75722,Rap
55642,Electronic
22262,Blues
30848,Country
58098,Country
67153,Rap
47033,Alternative
42034,Rap
63179,Rap
52343,Country
46118,Blues
73395,Alternative
56125,Blues
50015,Electronic
55704,Blues
20241,Blues
25098,Country
91676,Rap
49556,Electronic
54874,Electronic
42665,Electronic
59925,Classical
73734,Rock
66346,Electronic
31075,Blues
61771,Electronic
85763,Anime
47109,Country
61495,Country
33293,Rap
31801,Electronic
78423,Rap
64427,Electronic
46851,Country
23233,Country
24466,Country
69195,Alternative
66588,Electronic
43488,Anime
50651,Electronic
71893,Rap
42846,Anime
86287,Anime
73683,Rap
89536,Country
36855,Anime
33240,Rap
68314,Country
35705,Classical
91672,Rap
75902,Electronic
63924,Alternative
91136,Electronic
51578,Country
31804,Anime
52573,Electronic
75864,Jazz
22034,Rap
42639,Rap
48583,Alternative
35483,Rock
35632,Classical
52031,Country
87952,Electronic
82808,Alternative
69390,Rock
78999,Alternative
83389,Classical
74104,Country
41249,Jazz
89922,Rock
74596,Electronic
35909,Alternative
23853,Rap
69032,Rap
41817,Country
48778,Blues
68422,Jazz
50565,Blues
55605,Rap
29469,Rap
48125,Alternative
63223,Electronic
81700,Electronic
35612,Jazz
48312,Electronic
20416,Classical
37533,Anime
25117,Rock
27234,Blues
24391,Anime
72707,Rap
22697,Alternative
56983,Alternative
24799,Rap
60582,Jazz
74776,Country
61061,Electronic
52478,Jazz
27545,Blues
57525,Anime
90910,Rap
21486,Classical
79507,Blues
90593,Alternative
49682,Electronic
78202,Blues
83279,Alternative
25721,Alternative
40700,Electronic
58603,Blues
33961,Country
38346,Rap
85589,Blues
50792,Blues
29803,Rap
91412,Classical
68103,Classical
33530,Country
25469,Blues
62616,Electronic
53290,Country
76727,Blues
76881,Blues
91049,Jazz
50428,Electronic
80099,Rap
29115,Alternative
55743,Blues
44045,Country
49698,Rap
66318,Anime
83270,Rap
34088,Country
39222,Blues
53412,Blues
60512,Blues
42399,Blues
32616,Rock
91488,Electronic
50449,Alternative
77966,Electronic
88695,Electronic
26355,Blues
78599,Blues
62316,Electronic
28843,Rap
71375,Blues
46867,Country
79622,Electronic
84681,Electronic
22731,Rock
26289,Blues
52642,Alternative
73313,Electronic
72417,Rap
75671,Classical
89501,Anime
40058,Jazz
87535,Anime
48166,Blues
32018,Electronic
77798,Anime
28691,Jazz
47114,Rock
83637,Classical
35692,Jazz
38993,Hip-Hop
39197,Anime
68879,Blues
34180,Alternative
83437,Country
71410,Anime
32954,Country
85906,Rap
47579,Classical
55291,Alternative
49779,Electronic
31395,Country
46894,Rock
82268,Rock
66952,Alternative
44443,Electronic
24037,Country
77455,Blues
63170,Anime
58698,Rap
21834,Rap
76191,Alternative
50210,Rock
81941,Electronic
67547,Country
26757,Rap
39514,Rap
83008,Anime
50613,Rap
34924,Alternative
54490,Alternative
65388,Alternative
66830,Alternative
72593,Blues
35235,Classical
91279,Classical
69692,Alternative
76571,Rock
53822,Electronic
82133,Rap
77350,Blues
22284,Electronic
87983,Anime
75466,Rap
30767,Rap
51816,Country
60344,Country
34697,Country
50532,Country
26255,Rap
67924,Rap
79778,Anime
47986,Blues
